1,rose0,lang0,2020/5/7
2,rose1,lang1,2020/5/7
3,rose2,lang2,2020/5/7
4,rose3,lang3,2020/5/7
5,rose4,lang4,2020/5/7
6,rose5,lang5,2020/5/7
7,rose6,lang6,2020/5/7
8,rose7,lang7,2020/5/7
9,rose8,lang8,2020/5/7
10,rose9,lang9,2020/5/7
11,rose10,lang10,2020/5/7
12,rose11,lang11,2020/5/7
13,rose12,lang12,2020/5/7
14,rose13,lang13,2020/5/7
15,rose14,lang14,2020/5/7
16,rose15,lang15,2020/5/7
17,rose16,lang16,2020/5/7
18,rose17,lang17,2020/5/7
19,rose18,lang18,2020/5/7
20,rose19,lang19,2020/5/7
21,rose20,lang20,2020/5/7
22,rose21,lang21,2020/5/7
23,rose22,lang22,2020/5/7
24,rose23,lang23,2020/5/7
25,rose24,lang24,2020/5/7
26,rose25,lang25,2020/5/7
27,rose26,lang26,2020/5/7
28,rose27,lang27,2020/5/7
29,rose28,lang28,2020/5/7
30,rose29,lang29,2020/5/7
31,rose30,lang30,2020/5/7
32,rose31,lang31,2020/5/7
33,rose32,lang32,2020/5/7
34,rose33,lang33,2020/5/7
35,rose34,lang34,2020/5/7
36,rose35,lang35,2020/5/7
37,rose36,lang36,2020/5/7
38,rose37,lang37,2020/5/7
39,rose38,lang38,2020/5/7
40,rose39,lang39,2020/5/7
41,rose40,lang40,2020/5/7
42,rose41,lang41,2020/5/7
43,rose42,lang42,2020/5/7
44,rose43,lang43,2020/5/7
45,rose44,lang44,2020/5/7
46,rose45,lang45,2020/5/7
47,rose46,lang46,2020/5/7
48,rose47,lang47,2020/5/7
49,rose48,lang48,2020/5/7
50,rose49,lang49,2020/5/7
